subject_id,model,best_epoch,best_validation_loss,best_validation_macro_f1,test_loss,test_accuracy,test_balanced_accuracy,test_macro_f1,n_train,n_validation,n_test,seed
sub0,deepconvnet,5,2.063600597381592,0.18745660136964484,2.242244551181793,0.18,0.18,0.15656435518504483,275,50,50,2026
sub1,deepconvnet,8,1.830174485842387,0.2559688995215311,1.878371877670288,0.26,0.25999999999999995,0.21107078039927404,275,48,50,2026
sub2,deepconvnet,4,2.1575713300704957,0.19731893837156994,1.9802431869506836,0.18,0.18,0.13942307692307693,250,50,50,2026
sub3,deepconvnet,2,1.799483380317688,0.15476190476190474,1.673274850845337,0.2,0.2,0.12364066193853426,425,50,50,2026
sub4,deepconvnet,1,1.8190205764770508,0.1886168582375479,1.8143946170806884,0.1,0.1,0.07435897435897436,275,50,50,2026
sub5,deepconvnet,16,2.213897385597229,0.2571150097465887,2.7676290321350097,0.14,0.13999999999999999,0.12893506493506496,275,50,50,2026
sub6,deepconvnet,4,2.119886693954468,0.26657142857142857,2.2663984584808348,0.12,0.12000000000000002,0.09869731800766283,275,50,50,2026
sub7,deepconvnet,12,1.6839205121994019,0.2552832184411132,1.737020902633667,0.22,0.22000000000000003,0.18926984126984128,262,50,50,2026
MEAN,,,1.960944370230039,0.22038660737766613,2.0449471846222878,0.175,0.175,0.14024500912718418,,,,
STD,,,0.19946476510939481,0.04292569565139681,0.36415917157683636,0.0531843156256751,0.053184315625675084,0.044972245519141245,,,,
