test_subject,validation_subject,best_epoch,best_validation_loss,best_validation_macro_f1,test_loss,test_accuracy,test_balanced_accuracy,test_macro_f1,n_train,n_validation,n_test,seed
sub0,sub1,15,1.6269705369069813,0.2092846905731422,1.6183082338968913,0.22133333333333333,0.22133333333333333,0.2124776851425338,3827,373,375,123
sub1,sub2,15,1.627776233809335,0.2174048959704235,1.6209333147504055,0.225201072386059,0.2252972972972973,0.20366725284608006,3852,350,373,123
sub2,sub3,11,1.6255336293720064,0.20579301557118498,1.643394500868661,0.15714285714285714,0.15714285714285714,0.14409777351564187,3700,525,350,123
sub3,sub4,23,1.6226820262273152,0.23405319131357943,1.637147697721209,0.2057142857142857,0.20571428571428568,0.20617387035957752,3675,375,525,123
sub4,sub5,2,1.6050685065587362,0.20432161318598624,1.6132985169092815,0.20266666666666666,0.20266666666666663,0.18501564417441152,3825,375,375,123
sub5,sub6,16,1.6182924830118814,0.22403430396146798,1.618638369878133,0.17866666666666667,0.17866666666666667,0.17515341341079346,3825,375,375,123
sub6,sub7,11,1.606610552382074,0.24615989753537662,1.6109438479741414,0.20533333333333334,0.2053333333333333,0.19626935497695214,3838,362,375,123
sub7,sub8,2,1.6149502775885842,0.1780785891769466,1.6122406530116804,0.2265193370165746,0.2272568005010606,0.17405188632069726,3839,374,362,123
sub8,sub9,3,1.6137980982462565,0.18407700687112452,1.6154690910788143,0.2192513368983957,0.21895495495495493,0.1838161953786524,3826,375,374,123
sub9,sub10,12,1.6143146337464798,0.21885524230912284,1.6131276235580445,0.208,0.20800000000000002,0.14456045097643494,3856,344,375,123
sub10,sub11,3,1.613363435191493,0.20064158064158066,1.6130693374678147,0.2441860465116279,0.24491517567442292,0.2176916315434493,3859,372,344,123
sub11,sub0,12,1.6144447876612344,0.20346405824751956,1.6168755433892692,0.20430107526881722,0.20443243243243248,0.20372783749417905,3828,375,372,123
MEAN,,,1.6169837667251983,0.21051400711312127,1.6194538942086953,0.20819300091155143,0.20830948364310928,0.1872252496782836,,,,
STD,,,0.007471363656146789,0.01927047742556475,0.010251566850722258,0.0228702895359042,0.02302131722887566,0.024430684597908862,,,,
