test_subject,refit_all_sources,refit_training_size,validation_subject,best_epoch,best_validation_loss,best_validation_macro_f1,test_loss,test_accuracy,test_balanced_accuracy,test_macro_f1,n_train,n_validation,n_test,seed
sub0,True,4200,sub1,20,1.6418939972690858,0.22998279224584847,1.6268853893280029,0.208,0.20800000000000002,0.17885531047954878,3827,373,375,42
sub1,True,4202,sub2,25,1.6790926422391619,0.2127369987549342,1.6385828537851492,0.1876675603217158,0.18677477477477478,0.1485153543767896,3852,350,373,42
sub2,True,4225,sub3,13,1.6275850670678276,0.2335467668079559,1.6254147795268468,0.15714285714285714,0.15714285714285717,0.1547292959160023,3700,525,350,42
sub3,True,4050,sub4,17,1.6079080479939778,0.23844937483347084,1.6374392616181146,0.23238095238095238,0.23238095238095235,0.22834666916567242,3675,375,525,42
sub4,True,4200,sub5,21,1.6334671376546224,0.2315710068282825,1.6286165374120076,0.22133333333333333,0.22133333333333333,0.21563964295689564,3825,375,375,42
sub5,True,4200,sub6,1,1.616742520014445,0.1890379431888866,1.6426264015833536,0.192,0.192,0.08409128768948859,3825,375,375,42
sub6,True,4200,sub7,7,1.6006804013120535,0.2442367886536813,1.6117563826243082,0.192,0.192,0.1403875710727059,3838,362,375,42
sub7,True,4213,sub8,1,1.6174093988489977,0.17097385623726907,1.6186541404513364,0.212707182320442,0.21297993440092608,0.16625707574799362,3839,374,362,42
sub8,True,4201,sub9,8,1.6398178958892822,0.18032471269430203,1.61464161158883,0.18181818181818182,0.18295495495495495,0.1208262494410502,3826,375,374,42
sub9,True,4200,sub10,5,1.6124799057494763,0.18577795719971293,1.6169859600067138,0.168,0.16799999999999998,0.11255165833429108,3856,344,375,42
sub10,True,4231,sub11,18,1.6410898611109743,0.20877144771479345,1.645350969114969,0.18313953488372092,0.18383115478508083,0.1768931734395823,3859,372,344,42
sub11,True,4203,sub0,14,1.6114554087320963,0.2095967023145228,1.6396734586326025,0.1989247311827957,0.1988828828828829,0.19790406286100923,3828,375,372,42
MEAN,,,,,1.6274685236568331,0.21125052895613836,1.6288856454726863,0.19459286111533325,0.19469007038798022,0.16041644595675245,,,,
STD,,,,,0.02141519439025006,0.024901205175446906,0.01168605650314145,0.021606180978801473,0.021563070278953933,0.04261253783422095,,,,
