test_subject,validation_subject,model,selected_C,validation_loss,validation_accuracy,validation_balanced_accuracy,validation_macro_f1,test_loss,test_accuracy,test_balanced_accuracy,test_macro_f1,n_train,n_validation,n_test,seed
sub0,sub1,riemannian_tangent_logreg,0.1,1.6290023389613162,0.1876675603217158,0.18789189189189187,0.12710975299210595,1.6208653812726315,0.20266666666666666,0.20266666666666663,0.1750012452123788,3827,373,375,42
sub1,sub2,riemannian_tangent_logreg,0.01,1.6241483870874598,0.22,0.22000000000000003,0.19095046834637053,1.6190958684743053,0.18230563002680966,0.1821261261261261,0.12408259256154038,3852,350,373,42
sub2,sub3,riemannian_tangent_logreg,0.01,1.6152291151413092,0.22476190476190477,0.22476190476190477,0.22140777738724213,1.6274379478336216,0.21428571428571427,0.21428571428571427,0.1850153847035821,3700,525,350,42
sub3,sub4,riemannian_tangent_logreg,0.1,1.6249975619727406,0.20533333333333334,0.20533333333333337,0.16798540024760694,1.6226728740638117,0.20952380952380953,0.2095238095238095,0.20741737722873785,3675,375,525,42
sub4,sub5,riemannian_tangent_logreg,0.01,1.617018939972238,0.224,0.22399999999999998,0.19104765761545422,1.6161219619309317,0.232,0.23200000000000004,0.21191044976340456,3825,375,375,42
sub5,sub6,riemannian_tangent_logreg,0.01,1.609986530427994,0.216,0.21599999999999997,0.17917629968078658,1.6155913936900195,0.2,0.2,0.17502304255053666,3825,375,375,42
sub6,sub7,riemannian_tangent_logreg,100.0,1.6274286873318364,0.1878453038674033,0.18889426277521976,0.17603923933519577,1.6224365047455325,0.22133333333333333,0.22133333333333333,0.1906923840091595,3838,362,375,42
sub7,sub8,riemannian_tangent_logreg,10.0,1.6261730457333368,0.19786096256684493,0.1975135135135135,0.1772454646065958,1.6215851452602617,0.2265193370165746,0.2268634349186153,0.2243480074338263,3839,374,362,42
sub8,sub9,riemannian_tangent_logreg,10.0,1.631744292707577,0.176,0.17600000000000002,0.1610625789682655,1.6321730024994157,0.18716577540106952,0.1870990990990991,0.1716225659767971,3826,375,374,42
sub9,sub10,riemannian_tangent_logreg,0.01,1.6111833593204556,0.21511627906976744,0.2165804517783752,0.19244720068954196,1.6137977752372439,0.19466666666666665,0.19466666666666668,0.16864805858893955,3856,344,375,42
sub10,sub11,riemannian_tangent_logreg,0.01,1.62968684107059,0.20967741935483872,0.21037837837837842,0.19332338198437268,1.6134504805583065,0.21220930232558138,0.2137610086214888,0.17207798892730164,3859,372,344,42
sub11,sub0,riemannian_tangent_logreg,0.01,1.6100004399021206,0.22933333333333333,0.22933333333333333,0.21464057454861402,1.6267249791188656,0.21236559139784947,0.21297297297297296,0.19943253840849912,3828,375,372,42
MEAN,,riemannian_tangent_logreg,,1.6213832949690812,0.20779967471742847,0.20805725581382917,0.18270298303351265,1.6209961095570788,0.20792015222033963,0.2081082360178744,0.18377263628039198,,,,
STD,,riemannian_tangent_logreg,,0.00817402742371648,0.017073576697962882,0.017028737145787412,0.024726903194972737,0.005798292945972834,0.015194986351197743,0.01533192001344592,0.02614881672900384,,,,
