test_subject,validation_subject,model,best_epoch,best_validation_loss,best_validation_macro_f1,test_loss,test_accuracy,test_balanced_accuracy,test_macro_f1,n_train,n_validation,n_test,seed
sub0,sub1,eegnet,25,1.6286528283085964,0.23712081241898592,1.6357636251449585,0.21866666666666668,0.21866666666666665,0.21443560344344076,3827,373,375,123
sub1,sub2,eegnet,5,1.6137672288077218,0.2093102341106222,1.617022131786909,0.21447721179624665,0.21419819819819824,0.2080914083950831,3852,350,373,123
sub2,sub3,eegnet,4,1.6078421971911476,0.22506238811314,1.6106172970363073,0.21142857142857144,0.21142857142857144,0.2045445048494056,3700,525,350,123
sub3,sub4,eegnet,7,1.6037664346694946,0.24316054294592654,1.6098897661481584,0.22285714285714286,0.22285714285714286,0.22093234011192947,3675,375,525,123
sub4,sub5,eegnet,3,1.6102748832702636,0.19108864216904808,1.6093638985951741,0.21066666666666667,0.21066666666666664,0.19083701718952942,3825,375,375,123
sub5,sub6,eegnet,16,1.645490537325541,0.24612119309262165,1.6271306632359823,0.21066666666666667,0.2106666666666667,0.2087246336371628,3825,375,375,123
sub6,sub7,eegnet,8,1.6213229025266447,0.26264941361365396,1.6280312757492066,0.192,0.192,0.18651846995061444,3838,362,375,123
sub7,sub8,eegnet,12,1.618130497116456,0.1904508412894069,1.6304522390523668,0.23204419889502761,0.2326399716328329,0.22808829565509572,3839,374,362,123
sub8,sub9,eegnet,13,1.6143681116104125,0.19984563059412067,1.625790811477498,0.17647058823529413,0.17646846846846848,0.17228732514987155,3826,375,374,123
sub9,sub10,eegnet,4,1.6084751971932345,0.20450751437385567,1.6091424350738526,0.19466666666666665,0.19466666666666668,0.1658927336311729,3856,344,375,123
sub10,sub11,eegnet,5,1.6166304067898822,0.2074212629896083,1.616449852322423,0.18895348837209303,0.18984271190630694,0.17308544900130857,3859,372,344,123
sub11,sub0,eegnet,28,1.6316734765370686,0.22450158958647243,1.661866759741178,0.20698924731182797,0.20695495495495492,0.20389211788676892,3828,375,372,123
MEAN,,eegnet,,1.618366225112205,0.22010333877478852,1.623460062947001,0.2066572596302392,0.20675472384276183,0.19811082490844859,,,,
STD,,eegnet,,0.011888814462087493,0.02336336865050961,0.015250991410934849,0.015813127339659692,0.015800522416453026,0.020206813045780973,,,,
