subject_id,best_epoch,best_validation_loss,best_validation_macro_f1,test_loss,test_accuracy,test_balanced_accuracy,test_macro_f1,n_train,n_validation,n_test,seed
sub0,6,1.5879958868026733,0.3715343915343915,1.6059846878051758,0.24,0.24000000000000005,0.21508857723691482,275,50,50,123
sub1,5,1.6416856050491333,0.26442737277977557,1.6165083646774292,0.24,0.24,0.1939327485380117,275,48,50,123
sub2,6,1.7003812789916992,0.20151162790697671,1.6524075269699097,0.18,0.18,0.1104341736694678,250,50,50,123
sub3,5,1.6332221031188965,0.304902809608692,1.5943810939788818,0.24,0.24,0.23288888888888887,425,50,50,123
sub4,23,1.7764705419540405,0.23672727272727273,1.8177272081375122,0.16,0.16,0.15074410163339383,275,50,50,123
sub5,11,1.6110484600067139,0.2557769423558897,1.7219953536987305,0.16,0.16,0.12874493927125505,275,50,50,123
sub6,13,1.7618287801742554,0.2581168831168831,1.7747520208358765,0.18,0.18,0.125,275,50,50,123
sub7,5,1.6486220359802246,0.2485342388228636,1.641838788986206,0.24,0.24000000000000005,0.20430252100840335,262,50,50,123
sub8,1,1.6551613807678223,0.15947063688999172,1.6684378385543823,0.14285714285714285,0.1511111111111111,0.07841011743450768,275,50,49,123
sub9,7,1.6597998142242432,0.20976592035415562,1.6678967475891113,0.22,0.22000000000000003,0.17648995148995147,275,50,50,123
sub10,12,1.6009012460708618,0.3034632034632035,1.79173743724823,0.08163265306122448,0.08,0.08323754789272031,247,48,49,123
sub11,2,1.6355690956115723,0.27406801236588474,1.6372649669647217,0.28,0.27999999999999997,0.18877551020408162,272,50,50,123
MEAN,,1.659390519062678,0.2573582759938317,1.682577669620514,0.19704081632653062,0.19759259259259263,0.15733742310563303,,,,
STD,,0.05911194179720771,0.054957808716695256,0.07584672975693219,0.05589849056964654,0.05553097099136926,0.052022956088150184,,,,
