model,command,recall,run_recall_mean,run_recall_sd,zero_recall_runs,number_of_runs
EEG-Conformer,Down,0.21568627450980393,0.21481481481481482,0.1639245320401603,8,36
EEG-Conformer,Left,0.18611111111111112,0.18611111111111112,0.14765360578593165,7,36
EEG-Conformer,Right,0.1527777777777778,0.1527777777777778,0.15581327856693658,12,36
EEG-Conformer,Select,0.20728291316526612,0.2067901234567901,0.18628982706219527,8,36
EEG-Conformer,Up,0.18888888888888888,0.18888888888888888,0.17034046206310766,10,36
EEG-Conformer + CORAL,Down,0.24369747899159663,0.24598765432098763,0.18014598778640584,4,36
EEG-Conformer + CORAL,Left,0.21388888888888888,0.21388888888888888,0.2331802218735883,9,36
EEG-Conformer + CORAL,Right,0.14444444444444443,0.14444444444444446,0.15389132426014043,12,36
EEG-Conformer + CORAL,Select,0.17086834733893558,0.17037037037037037,0.1450901319334975,7,36
EEG-Conformer + CORAL,Up,0.175,0.175,0.18574175621006708,12,36
EEGNet,Down,0.15406162464985995,0.15370370370370368,0.1364063852612306,12,36
EEGNet,Left,0.2611111111111111,0.26111111111111107,0.22459840703897355,8,36
EEGNet,Right,0.2111111111111111,0.21111111111111114,0.18012341448141728,7,36
EEGNet,Select,0.15966386554621848,0.1592592592592592,0.14428562697536954,9,36
EEGNet,Up,0.2222222222222222,0.2222222222222222,0.17906281597107776,5,36
Riemannian,Down,0.2857142857142857,0.2842592592592593,0.3122798513741498,3,12
Riemannian,Left,0.20833333333333334,0.20833333333333334,0.2274696116900546,4,12
Riemannian,Right,0.24166666666666667,0.24166666666666667,0.18319554050414563,2,12
Riemannian,Select,0.2773109243697479,0.2759259259259259,0.22937152867532126,3,12
Riemannian,Up,0.15833333333333333,0.15833333333333335,0.21087839379532688,4,12
