model,seed,test_accuracy,test_balanced_accuracy,test_macro_f1
EEG-Conformer,42,0.1820408163265306,0.1822222222222222,0.16193589108923637
EEG-Conformer,123,0.19394557823129252,0.19370370370370368,0.16974835089352303
EEG-Conformer,2026,0.19374149659863946,0.19370370370370368,0.17365851620528594
EEG-Conformer + CORAL,42,0.17717687074829933,0.17796296296296296,0.15109550213761744
EEG-Conformer + CORAL,123,0.1970408163265306,0.19759259259259257,0.157337423105633
EEG-Conformer + CORAL,2026,0.19401360544217686,0.19425925925925921,0.16853128536051043
EEGNet,42,0.18877551020408165,0.1887037037037037,0.16923963933700925
EEGNet,123,0.2004081632653061,0.20037037037037034,0.17572675837977722
EEGNet,2026,0.21568027210884355,0.21537037037037035,0.18239642132552503
