subject_id,subject_number,analysis_model,test_accuracy,test_balanced_accuracy,test_macro_f1
sub0,0,EEG-Conformer,0.2333333333333333,0.2333333333333333,0.2072709777671414
sub0,0,EEG-Conformer + CORAL,0.19999999999999998,0.19999999999999998,0.17261320024107743
sub0,0,EEGNet,0.18666666666666668,0.18666666666666665,0.15836706030034578
sub0,0,Riemannian,0.2,0.2,0.1188630490956072
sub1,1,EEG-Conformer,0.2333333333333333,0.2333333333333333,0.1908441965301547
sub1,1,EEG-Conformer + CORAL,0.19333333333333336,0.19333333333333327,0.1522006430102405
sub1,1,EEGNet,0.28,0.27999999999999997,0.24967902690392837
sub1,1,Riemannian,0.2,0.2,0.1012578616352201
sub2,2,EEG-Conformer,0.24666666666666667,0.24666666666666662,0.19951731019796057
sub2,2,EEG-Conformer + CORAL,0.24,0.24,0.20120699539492462
sub2,2,EEGNet,0.26,0.25999999999999995,0.22637559734218424
sub2,2,Riemannian,0.22,0.22,0.1703703703703703
sub3,3,EEG-Conformer,0.21333333333333335,0.21333333333333335,0.20113645302697217
sub3,3,EEG-Conformer + CORAL,0.22666666666666666,0.22666666666666666,0.21920065120065116
sub3,3,EEGNet,0.21333333333333335,0.21333333333333335,0.20309346381173002
sub3,3,Riemannian,0.14,0.1399999999999999,0.0879120879120879
sub4,4,EEG-Conformer,0.16,0.16,0.14835858488490064
sub4,4,EEG-Conformer + CORAL,0.18000000000000002,0.18000000000000002,0.15151339100280414
sub4,4,EEGNet,0.22,0.22,0.19682395873500005
sub4,4,Riemannian,0.24,0.24,0.198661686896981
sub5,5,EEG-Conformer,0.14666666666666667,0.14666666666666667,0.124972811955791
sub5,5,EEG-Conformer + CORAL,0.12666666666666668,0.12666666666666662,0.10201061868605722
sub5,5,EEGNet,0.15333333333333335,0.1533333333333333,0.12873423894113542
sub5,5,Riemannian,0.24,0.24,0.2498366013071895
sub6,6,EEG-Conformer,0.16,0.15999999999999995,0.1537531008071202
sub6,6,EEG-Conformer + CORAL,0.18000000000000002,0.17999999999999997,0.1499982099136933
sub6,6,EEGNet,0.19333333333333336,0.19333333333333336,0.16817959631143362
sub6,6,Riemannian,0.22,0.22,0.15
sub7,7,EEG-Conformer,0.21333333333333335,0.21333333333333335,0.18029359439045126
sub7,7,EEG-Conformer + CORAL,0.21333333333333335,0.21333333333333335,0.16502041976210768
sub7,7,EEGNet,0.24666666666666667,0.24666666666666667,0.2099746085040202
sub7,7,Riemannian,0.24,0.24,0.1848484848484848
sub8,8,EEG-Conformer,0.17006802721088432,0.16888888888888887,0.15644738270125264
sub8,8,EEG-Conformer + CORAL,0.2040816326530612,0.21037037037037035,0.16036558586391195
sub8,8,EEGNet,0.12925170068027206,0.12888888888888886,0.11210856257854503
sub8,8,Riemannian,0.2448979591836734,0.2422222222222222,0.1863899613899614
sub9,9,EEG-Conformer,0.21333333333333335,0.21333333333333335,0.2054956410455131
sub9,9,EEG-Conformer + CORAL,0.18666666666666668,0.18666666666666665,0.1609970203276839
sub9,9,EEGNet,0.14,0.13999999999999993,0.11687162728339194
sub9,9,Riemannian,0.28,0.2800000000000001,0.2933634085213032
sub10,10,EEG-Conformer,0.10884353741496595,0.10962962962962959,0.10030473814684342
sub10,10,EEG-Conformer + CORAL,0.10884353741496594,0.10888888888888887,0.10655843036402442
sub10,10,EEGNet,0.1768707482993197,0.17555555555555555,0.14703684777214185
sub10,10,Riemannian,0.3061224489795918,0.3022222222222222,0.2677851037851037
sub11,11,EEG-Conformer,0.18000000000000002,0.17999999999999994,0.15297624129808032
sub11,11,EEG-Conformer + CORAL,0.21333333333333335,0.21333333333333326,0.16617167664786706
sub11,11,EEGNet,0.22,0.22,0.19220668768538948
sub11,11,Riemannian,0.28,0.28,0.2693581780538302
