epoch,train_loss,train_accuracy,train_macro_f1,validation_loss,validation_accuracy,validation_balanced_accuracy,validation_macro_f1
1,1.6566696513243235,0.2074688796680498,0.20710973835351512,1.6081309540327204,0.23546511627906977,0.2371187540558079,0.17010704668238916
2,1.6256074450322702,0.1983921161825726,0.19764617726407782,1.6099905662758405,0.2005813953488372,0.2008652390222799,0.13986009925521453
3,1.6123274025580696,0.21550829875518673,0.21462541540194038,1.6097187912741373,0.22674418604651161,0.22803559840548812,0.1869071253765589
4,1.6055877757764951,0.23236514522821577,0.23167006101915594,1.6118102628131246,0.2005813953488372,0.20194864188374897,0.17169948569776858
5,1.5973493068544697,0.24325726141078838,0.24256676275147968,1.6143068296964778,0.22093023255813954,0.2227687648712957,0.20364881681649177
6,1.5904021470873189,0.23884854771784234,0.23812400092947153,1.6181431287942931,0.19476744186046513,0.19577145329254347,0.18408346252251867
7,1.5860991947878447,0.25778008298755184,0.25705358308964,1.6226909410121828,0.18604651162790697,0.18668829764222367,0.177215519716849
8,1.5852963602889127,0.2598547717842324,0.2595634944726604,1.6308678832165031,0.1511627906976744,0.15211643645128398,0.14202675511417948
9,1.5854973669368697,0.24844398340248963,0.2480573818355561,1.6294107797533968,0.17151162790697674,0.1725867556626804,0.16574719743319205
10,1.5737325947314378,0.26426348547717843,0.2638052625677399,1.6383726208709006,0.18023255813953487,0.18107166033188096,0.17362315655759586
11,1.573788690369159,0.26400414937759337,0.26389299722415227,1.6373203771058904,0.19186046511627908,0.19266215506319334,0.189003082639766
12,1.572999206321368,0.27723029045643155,0.2771100732833548,1.6384347205938294,0.19767441860465115,0.1985946046166682,0.19376517296160548
13,1.571323774167611,0.2697095435684647,0.2685051815320623,1.6437276712683744,0.17732558139534885,0.17851178888167857,0.17016649284242946
