target_subject,method,calibration_sessions,calibration_trials,test_sessions,test_trials,trainable_parameters,adaptation_epochs,test_loss,test_accuracy,test_balanced_accuracy,test_macro_f1,seed
sub1,zero_shot,0,0,2,50,0,0,1.625548038482666,0.16,0.15999999999999998,0.16564781455104036,42
sub1,full,1,25,2,50,4197,20,1.6280307483673095,0.14,0.13999999999999999,0.12901002506265663,42
sub2,zero_shot,0,0,2,50,0,0,1.604152069091797,0.16,0.16,0.12446201141853315,42
sub2,full,1,25,2,50,4197,20,1.6009801864624023,0.2,0.2,0.1678371040723982,42
sub4,zero_shot,0,0,2,50,0,0,1.6327067470550538,0.08,0.08,0.07019607843137254,42
sub4,full,1,25,2,50,4197,20,1.6281133270263672,0.1,0.1,0.093856048166393,42
sub5,zero_shot,0,0,2,50,0,0,1.611556978225708,0.28,0.28,0.24830248033877797,42
sub5,full,1,25,2,50,4197,20,1.6239431667327882,0.2,0.2,0.19376068376068373,42
sub6,zero_shot,0,0,2,50,0,0,1.6137807941436768,0.16,0.16,0.11405405405405404,42
sub6,full,1,25,2,50,4197,20,1.617178053855896,0.16,0.15999999999999998,0.08616891064871482,42
sub8,zero_shot,0,0,2,49,0,0,1.6108447361965568,0.2653061224489796,0.26222222222222225,0.25977421271538914,42
sub8,full,1,25,2,49,4197,20,1.6132545836117802,0.22448979591836735,0.22222222222222224,0.22313131313131312,42
sub9,zero_shot,0,0,2,50,0,0,1.6085002326965332,0.22,0.22000000000000003,0.20441176470588238,42
sub9,full,1,25,2,50,4197,20,1.6230990123748779,0.24,0.24,0.23380952380952377,42
sub10,zero_shot,0,0,2,49,0,0,1.6360595737184798,0.1836734693877551,0.18222222222222223,0.1562121212121212,42
sub10,full,1,25,2,49,4197,20,1.6283269463753214,0.1836734693877551,0.18222222222222223,0.15907867494824016,42
sub11,zero_shot,0,0,2,50,0,0,1.6227822875976563,0.2,0.2,0.1723913043478261,42
sub11,full,1,24,2,50,4197,20,1.627885913848877,0.12,0.12,0.08635682158920541,42
