subject_id,model,selected_C,validation_loss,validation_accuracy,validation_balanced_accuracy,validation_macro_f1,n_train,n_validation,seed,test_loss,test_accuracy,test_balanced_accuracy,test_macro_f1,n_test
sub0,riemannian_tangent_logreg,1.0,1.7603451945150939,0.34,0.33999999999999997,0.3017515817515818,275,50,42,1.8753215315127663,0.2,0.2,0.11886304909560723,50
sub1,riemannian_tangent_logreg,0.1,2.005589523299278,0.20833333333333334,0.2111111111111111,0.1484259259259259,275,48,42,2.1099133145840834,0.2,0.2,0.10125786163522013,50
sub2,riemannian_tangent_logreg,0.01,1.6472770636719858,0.22,0.22000000000000003,0.20401002506265664,250,50,42,1.6426712094020204,0.22,0.22000000000000003,0.17037037037037037,50
sub3,riemannian_tangent_logreg,0.01,1.640719187902294,0.2,0.2,0.15047619047619049,425,50,42,1.6208163073448554,0.14,0.13999999999999999,0.0879120879120879,50
sub4,riemannian_tangent_logreg,0.01,1.6823682194615373,0.18,0.18,0.145,275,50,42,1.6766740146632773,0.24,0.24000000000000005,0.198661686896981,50
sub5,riemannian_tangent_logreg,1.0,2.774685074952087,0.16,0.16,0.14728959495512975,275,50,42,2.145261909363011,0.24,0.24000000000000005,0.24983660130718954,50
sub6,riemannian_tangent_logreg,0.01,1.648210110129503,0.24,0.24000000000000005,0.1781194295900178,275,50,42,1.6482146428021789,0.22,0.22000000000000003,0.15,50
sub7,riemannian_tangent_logreg,0.01,1.6645678631138594,0.22,0.22000000000000003,0.19788359788359786,262,50,42,1.653545396586394,0.24,0.24,0.18484848484848485,50
sub8,riemannian_tangent_logreg,0.1,1.6510681297609455,0.28,0.28,0.23009087355872584,275,50,42,1.8273179628746015,0.24489795918367346,0.2422222222222222,0.1863899613899614,49
sub9,riemannian_tangent_logreg,0.1,1.6849268351371678,0.2,0.2,0.1886823908307284,275,50,42,1.6251786064630473,0.28,0.2800000000000001,0.29336340852130327,50
sub10,riemannian_tangent_logreg,1.0,1.7741831965884673,0.3125,0.305,0.30089381759862305,247,48,42,2.0065107804466384,0.30612244897959184,0.3022222222222222,0.26778510378510373,49
sub11,riemannian_tangent_logreg,0.01,1.619455228032196,0.26,0.26,0.24366475669048065,272,50,42,1.6015032539655425,0.28,0.28,0.2693581780538302,50
MEAN,,0.28,1.7961163022137014,0.23506944444444447,0.23467592592592598,0.20302401536030487,,,,1.786077410834035,0.2342517006802721,0.23370370370370375,0.18988723281801165,
STD,,0.43586903787929027,0.32561395903918294,0.05390842676642472,0.05284576075221157,0.05622889031303278,,,,0.20192526958330786,0.043900355064202395,0.04327588352679028,0.06880142416680657,
