epoch,train_loss,train_accuracy,train_macro_f1
1,1.6201846599578857,0.22,0.21690229715074433
2,1.5398447322845459,0.34,0.3364474603259862
3,1.4881832599639893,0.45,0.4467321147617481
4,1.4407227849960327,0.5,0.49536247074031375
5,1.392589292526245,0.58,0.5759527498308429
6,1.3536409854888916,0.62,0.6169401486414584
7,1.3117065525054932,0.66,0.6561683277962348
8,1.277612600326538,0.68,0.6784166824226382
9,1.2416226625442506,0.68,0.682157842157842
10,1.2086292171478272,0.7,0.7038135694914441
11,1.1780545902252197,0.72,0.7243709273182958
12,1.148509750366211,0.73,0.7349245471402084
13,1.121156554222107,0.74,0.7446069642511969
14,1.0938799619674682,0.74,0.7446069642511969
15,1.0720218920707703,0.74,0.745559135935076
16,1.0488064861297608,0.74,0.7440386680988185
17,1.0260648918151856,0.74,0.7440386680988185
18,1.005251512527466,0.75,0.7534075573549257
19,0.9849523735046387,0.76,0.7630884084187557
20,0.9659663343429565,0.78,0.782328987207036
